9.1	τὸν δʼ ἀπαμειβόμενος προσέφη πολύμητις Ὀδυσσεύς·
9.2	Ἀλκίνοε κρεῖον, πάντων ἀριδείκετε λαῶν,
9.3	ἦ τοι μὲν τόδε καλὸν ἀκουέμεν ἐστὶν ἀοιδοῦ
9.4	τοιοῦδʼ οἷος ὅδʼ ἐστί, θεοῖς ἐναλίγκιος αὐδήν.
9.5	οὐ γὰρ ἐγώ γέ τί φημι τέλος χαριέστερον εἶναι
9.6	ἢ ὅτʼ ἐυφροσύνη μὲν ἔχῃ κάτα δῆμον ἅπαντα,
9.7	δαιτυμόνες δʼ ἀνὰ δώματʼ ἀκουάζωνται ἀοιδοῦ
9.8	ἥμενοι ἑξείης, παρὰ δὲ πλήθωσι τράπεζαι
9.9	σίτου καὶ κρειῶν, μέθυ δʼ ἐκ κρητῆρος ἀφύσσων
9.10	οἰνοχόος φορέῃσι καὶ ἐγχείῃ δεπάεσσι·
9.11	τοῦτό τί μοι κάλλιστον ἐνὶ φρεσὶν εἴδεται εἶναι.
9.12	σοὶ δʼ ἐμὰ κήδεα θυμὸς ἐπετράπετο στονόεντα
9.13	εἴρεσθʼ, ὄφρʼ ἔτι μᾶλλον ὀδυρόμενος στεναχίζω·
9.14	τί πρῶτόν τοι ἔπειτα, τί δʼ ὑστάτιον καταλέξω;
9.15	κήδεʼ ἐπεί μοι πολλὰ δόσαν θεοὶ Οὐρανίωνες.
9.16	νῦν δʼ ὄνομα πρῶτον μυθήσομαι, ὄφρα καὶ ὑμεῖς
9.17	εἴδετʼ, ἐγὼ δʼ ἂν ἔπειτα φυγὼν ὕπο νηλεὲς ἦμαρ
9.18	ὑμῖν ξεῖνος ἔω καὶ ἀπόπροθι δώματα ναίων.
9.19	εἴμʼ Ὀδυσεὺς Λαερτιάδης, ὃς πᾶσι δόλοισιν
9.20	ἀνθρώποισι μέλω, καί μευ κλέος οὐρανὸν ἵκει.
9.21	ναιετάω δʼ Ἰθάκην ἐυδείελον· ἐν δʼ ὄρος αὐτῇ
9.22	Νήριτον εἰνοσίφυλλον, ἀριπρεπές· ἀμφὶ δὲ νῆσοι
9.23	πολλαὶ ναιετάουσι μάλα σχεδὸν ἀλλήλῃσι,
9.24	Δουλίχιόν τε Σάμη τε καὶ ὑλήεσσα Ζάκυνθος.
9.25	αὐτὴ δὲ χθαμαλὴ πανυπερτάτη εἰν ἁλὶ κεῖται
9.26	πρὸς ζόφον, αἱ δέ τʼ ἄνευθε πρὸς ἠῶ τʼ ἠέλιόν τε,
9.27	τρηχεῖʼ, ἀλλʼ ἀγαθὴ κουροτρόφος· οὔ τοι ἐγώ γε
9.28	ἧς γαίης δύναμαι γλυκερώτερον ἄλλο ἰδέσθαι.
9.29	ἦ μέν μʼ αὐτόθʼ ἔρυκε Καλυψώ, δῖα θεάων,
9.30	ἐν σπέσσι γλαφυροῖσι, λιλαιομένη πόσιν εἶναι·
9.31	ὣς δʼ αὔτως Κίρκη κατερήτυεν ἐν μεγάροισιν
9.32	Αἰαίη δολόεσσα, λιλαιομένη πόσιν εἶναι·
9.33	ἀλλʼ ἐμὸν οὔ ποτε θυμὸν ἐνὶ στήθεσσιν ἔπειθον.
9.34	ὣς οὐδὲν γλύκιον ἧς πατρίδος οὐδὲ τοκήων
9.35	γίγνεται, εἴ περ καί τις ἀπόπροθι πίονα οἶκον
9.36	γαίῃ ἐν ἀλλοδαπῇ ναίει ἀπάνευθε τοκήων.
9.37	εἰ δʼ ἄγε τοι καὶ νόστον ἐμὸν πολυκηδέʼ ἐνίσπω,
9.38	ὅν μοι Ζεὺς ἐφέηκεν ἀπὸ Τροίηθεν ἰόντι.
9.39	Ἰλιόθεν με φέρων ἄνεμος Κικόνεσσι πέλασσεν,
9.40	Ἰσμάρῳ. ἔνθα δʼ ἐγὼ πόλιν ἔπραθον, ὤλεσα δʼ αὐτούς·
9.41	ἐκ πόλιος δʼ ἀλόχους καὶ κτήματα πολλὰ λαβόντες
9.42	δασσάμεθʼ, ὡς μή τίς μοι ἀτεμβόμενος κίοι ἴσης.
9.43	ἔνθʼ ἦ τοι μὲν ἐγὼ διερῷ ποδὶ φευγέμεν ἡμέας
9.44	ἠνώγεα, τοὶ δὲ μέγα νήπιοι οὐκ ἐπίθοντο.
9.45	ἔνθα δὲ πολλὸν μὲν μέθυ πίνετο, πολλὰ δὲ μῆλα
9.46	ἔσφαζον παρὰ θῖνα καὶ εἰλίποδας ἕλικας βοῦς·
9.47	τόφρα δʼ ἄρʼ οἰχόμενοι Κίκονες Κικόνεσσι γεγώνευν,
9.48	οἵ σφιν γείτονες ἦσαν, ἅμα πλέονες καὶ ἀρείους,
9.49	ἤπειρον ναίοντες, ἐπιστάμενοι μὲν ἀφʼ ἵππων
9.50	ἀνδράσι μάρνασθαι καὶ ὅθι χρὴ πεζὸν ἐόντα.
9.51	ἦλθον ἔπειθʼ ὅσα φύλλα καὶ ἄνθεα γίγνεται ὥρῃ,
9.52	ἠέριοι· τότε δή ῥα κακὴ Διὸς αἶσα παρέστη
9.53	ἡμῖν αἰνομόροισιν, ἵνʼ ἄλγεα πολλὰ πάθοιμεν.
9.54	στησάμενοι δʼ ἐμάχοντο μάχην παρὰ νηυσὶ θοῇσι,
9.55	βάλλον δʼ ἀλλήλους χαλκήρεσιν ἐγχείῃσιν.
9.56	ὄφρα μὲν ἠὼς ἦν καὶ ἀέξετο ἱερὸν ἦμαρ,
9.57	τόφρα δʼ ἀλεξόμενοι μένομεν πλέονάς περ ἐόντας.
9.58	ἦμος δʼ ἠέλιος μετενίσσετο βουλυτόνδε,
9.59	καὶ τότε δὴ Κίκονες κλῖναν δαμάσαντες Ἀχαιούς.
9.60	ἓξ δʼ ἀφʼ ἑκάστης νηὸς ἐυκνήμιδες ἑταῖροι
9.61	ὤλονθʼ· οἱ δʼ ἄλλοι φύγομεν θάνατόν τε μόρον τε.
9.62	ἔνθεν δὲ προτέρω πλέομεν ἀκαχήμενοι ἦτορ,
9.63	ἄσμενοι ἐκ θανάτοιο, φίλους ὀλέσαντες ἑταίρους.
9.64	οὐδʼ ἄρα μοι προτέρω νῆες κίον ἀμφιέλισσαι,
9.65	πρίν τινα τῶν δειλῶν ἑτάρων τρὶς ἕκαστον ἀῦσαι,
9.66	οἳ θάνον ἐν πεδίῳ Κικόνων ὕπο δῃωθέντες.
9.67	νηυσὶ δʼ ἐπῶρσʼ ἄνεμον Βορέην νεφεληγερέτα Ζεὺς
9.68	λαίλαπι θεσπεσίῃ, σὺν δὲ νεφέεσσι κάλυψε
9.69	γαῖαν ὁμοῦ καὶ πόντον· ὀρώρει δʼ οὐρανόθεν νύξ.
9.70	αἱ μὲν ἔπειτʼ ἐφέροντʼ ἐπικάρσιαι, ἱστία δέ σφιν
9.71	τριχθά τε καὶ τετραχθὰ διέσχισεν ἲς ἀνέμοιο.
9.72	καὶ τὰ μὲν ἐς νῆας κάθεμεν, δείσαντες ὄλεθρον,
9.73	αὐτὰς δʼ ἐσσυμένως προερέσσαμεν ἤπειρόνδε.
9.74	ἔνθα δύω νύκτας δύο τʼ ἤματα συνεχὲς αἰεὶ
9.75	κείμεθʼ, ὁμοῦ καμάτῳ τε καὶ ἄλγεσι θυμὸν ἔδοντες.
9.76	ἀλλʼ ὅτε δὴ τρίτον ἦμαρ ἐυπλόκαμος τέλεσʼ Ἠώς,
9.77	ἱστοὺς στησάμενοι ἀνά θʼ ἱστία λεύκʼ ἐρύσαντες
9.78	ἥμεθα, τὰς δʼ ἄνεμός τε κυβερνῆταί τʼ ἴθυνον.
9.79	καί νύ κεν ἀσκηθὴς ἱκόμην ἐς πατρίδα γαῖαν·
9.80	ἀλλά με κῦμα ῥόος τε περιγνάμπτοντα Μάλειαν
9.81	καὶ Βορέης ἀπέωσε, παρέπλαγξεν δὲ Κυθήρων.
9.82	ἔνθεν δʼ ἐννῆμαρ φερόμην ὀλοοῖς ἀνέμοισιν
9.83	πόντον ἐπʼ ἰχθυόεντα· ἀτὰρ δεκάτῃ ἐπέβημεν
9.84	γαίης Λωτοφάγων, οἵ τʼ ἄνθινον εἶδαρ ἔδουσιν.
9.85	ἔνθα δʼ ἐπʼ ἠπείρου βῆμεν καὶ ἀφυσσάμεθʼ ὕδωρ,
9.86	αἶψα δὲ δεῖπνον ἕλοντο θοῇς παρὰ νηυσὶν ἑταῖροι.
9.87	αὐτὰρ ἐπεὶ σίτοιό τʼ ἐπασσάμεθʼ ἠδὲ ποτῆτος,
9.88	δὴ τοτʼ ἐγὼν ἑτάρους προΐειν πεύθεσθαι ἰόντας,
9.89	οἵ τινες ἀνέρες εἶεν ἐπὶ χθονὶ σῖτον ἔδοντες
9.90	ἄνδρε δύω κρίνας, τρίτατον κήρυχʼ ἅμʼ ὀπάσσας.
9.91	οἱ δʼ αἶψʼ οἰχόμενοι μίγεν ἀνδράσι Λωτοφάγοισιν·
9.92	οὐδʼ ἄρα Λωτοφάγοι μήδονθʼ ἑτάροισιν ὄλεθρον
9.93	ἡμετέροις, ἀλλά σφι δόσαν λωτοῖο πάσασθαι.
9.94	τῶν δʼ ὅς τις λωτοῖο φάγοι μελιηδέα καρπόν,
9.95	οὐκέτʼ ἀπαγγεῖλαι πάλιν ἤθελεν οὐδὲ νέεσθαι,
9.96	ἀλλʼ αὐτοῦ βούλοντο μετʼ ἀνδράσι Λωτοφάγοισι
9.97	λωτὸν ἐρεπτόμενοι μενέμεν νόστου τε λαθέσθαι.
9.98	τοὺς μὲν ἐγὼν ἐπὶ νῆας ἄγον κλαίοντας ἀνάγκῃ,
9.99	νηυσὶ δʼ ἐνὶ γλαφυρῇσιν ὑπὸ ζυγὰ δῆσα ἐρύσσας.
9.100	αὐτὰρ τοὺς ἄλλους κελόμην ἐρίηρας ἑταίρους
9.101	σπερχομένους νηῶν ἐπιβαινέμεν ὠκειάων,
9.102	μή πώς τις λωτοῖο φαγὼν νόστοιο λάθηται.
9.103	οἱ δʼ αἶψʼ εἴσβαινον καὶ ἐπὶ κληῖσι καθῖζον,
9.104	ἑξῆς δʼ ἑζόμενοι πολιὴν ἅλα τύπτον ἐρετμοῖς.
9.105	ἔνθεν δὲ προτέρω πλέομεν ἀκαχήμενοι ἦτορ·
9.106	Κυκλώπων δʼ ἐς γαῖαν ὑπερφιάλων ἀθεμίστων
9.107	ἱκόμεθʼ, οἵ ῥα θεοῖσι πεποιθότες ἀθανάτοισιν
9.108	οὔτε φυτεύουσιν χερσὶν φυτὸν οὔτʼ ἀρόωσιν,
9.109	ἀλλὰ τά γʼ ἄσπαρτα καὶ ἀνήροτα πάντα φύονται,
9.110	πυροὶ καὶ κριθαὶ ἠδʼ ἄμπελοι, αἵ τε φέρουσιν
9.111	οἶνον ἐριστάφυλον, καί σφιν Διὸς ὄμβρος ἀέξει.
9.112	τοῖσιν δʼ οὔτʼ ἀγοραὶ βουληφόροι οὔτε θέμιστες,
9.113	ἀλλʼ οἵ γʼ ὑψηλῶν ὀρέων ναίουσι κάρηνα
9.114	ἐν σπέσσι γλαφυροῖσι, θεμιστεύει δὲ ἕκαστος
9.115	παίδων ἠδʼ ἀλόχων, οὐδʼ ἀλλήλων ἀλέγουσιν.
9.116	νῆσος ἔπειτα λάχεια παρὲκ λιμένος τετάνυσται,
9.117	γαίης Κυκλώπων οὔτε σχεδὸν οὔτʼ ἀποτηλοῦ,
9.118	ὑλήεσσʼ· ἐν δʼ αἶγες ἀπειρέσιαι γεγάασιν
9.119	ἄγριαι· οὐ μὲν γὰρ πάτος ἀνθρώπων ἀπερύκει,
9.120	οὐδέ μιν εἰσοιχνεῦσι κυνηγέται, οἵ τε καθʼ ὕλην
9.121	ἄλγεα πάσχουσιν κορυφὰς ὀρέων ἐφέποντες.
9.122	οὔτʼ ἄρα ποίμνῃσιν καταΐσχεται οὔτʼ ἀρότοισιν,
9.123	ἀλλʼ ἥ γʼ ἄσπαρτος καὶ ἀνήροτος ἤματα πάντα
9.124	ἀνδρῶν χηρεύει, βόσκει δέ τε μηκάδας αἶγας.
9.125	οὐ γὰρ Κυκλώπεσσι νέες πάρα μιλτοπάρῃοι,
9.126	οὐδʼ ἄνδρες νηῶν ἔνι τέκτονες, οἵ κε κάμοιεν
9.127	νῆας ἐυσσέλμους, αἵ κεν τελέοιεν ἕκαστα
9.128	ἄστεʼ ἐπʼ ἀνθρώπων ἱκνεύμεναι, οἷά τε πολλὰ
9.129	ἄνδρες ἐπʼ ἀλλήλους νηυσὶν περόωσι θάλασσαν·
9.130	οἵ κέ σφιν καὶ νῆσον ἐυκτιμένην ἐκάμοντο.
9.131	οὐ μὲν γάρ τι κακή γε, φέροι δέ κεν ὥρια πάντα·
9.132	ἐν μὲν γὰρ λειμῶνες ἁλὸς πολιοῖο παρʼ ὄχθας
9.133	ὑδρηλοὶ μαλακοί· μάλα κʼ ἄφθιτοι ἄμπελοι εἶεν.
9.134	ἐν δʼ ἄροσις λείη· μάλα κεν βαθὺ λήιον αἰεὶ
9.135	εἰς ὥρας ἀμῷεν, ἐπεὶ μάλα πῖαρ ὑπʼ οὖδας.
9.136	ἐν δὲ λιμὴν ἐύορμος, ἵνʼ οὐ χρεὼ πείσματός ἐστιν,
9.137	οὔτʼ εὐνὰς βαλέειν οὔτε πρυμνήσιʼ ἀνάψαι,
9.138	ἀλλʼ ἐπικέλσαντας μεῖναι χρόνον εἰς ὅ κε ναυτέων
9.139	θυμὸς ἐποτρύνῃ καὶ ἐπιπνεύσωσιν ἀῆται.
9.140	αὐτὰρ ἐπὶ κρατὸς λιμένος ῥέει ἀγλαὸν ὕδωρ,
9.141	κρήνη ὑπὸ σπείους· περὶ δʼ αἴγειροι πεφύασιν.
9.142	ἔνθα κατεπλέομεν, καί τις θεὸς ἡγεμόνευεν
9.143	νύκτα διʼ ὀρφναίην, οὐδὲ προυφαίνετʼ ἰδέσθαι·
9.144	ἀὴρ γὰρ περὶ νηυσὶ βαθεῖʼ ἦν, οὐδὲ σελήνη
9.145	οὐρανόθεν προύφαινε, κατείχετο δὲ νεφέεσσιν.
9.146	ἔνθʼ οὔ τις τὴν νῆσον ἐσέδρακεν ὀφθαλμοῖσιν,
9.147	οὔτʼ οὖν κύματα μακρὰ κυλινδόμενα προτὶ χέρσον
9.148	εἰσίδομεν, πρὶν νῆας ἐυσσέλμους ἐπικέλσαι.
9.149	κελσάσῃσι δὲ νηυσὶ καθείλομεν ἱστία πάντα,
9.150	ἐκ δὲ καὶ αὐτοὶ βῆμεν ἐπὶ ῥηγμῖνι θαλάσσης·
9.151	ἔνθα δʼ ἀποβρίξαντες ἐμείναμεν Ἠῶ δῖαν.
9.152	ἦμος δʼ ἠριγένεια φάνη ῥοδοδάκτυλος Ἠώς,
9.153	νῆσον θαυμάζοντες ἐδινεόμεσθα κατʼ αὐτήν.
9.154	ὦρσαν δὲ νύμφαι, κοῦραι Διὸς αἰγιόχοιο,
9.155	αἶγας ὀρεσκῴους, ἵνα δειπνήσειαν ἑταῖροι.
9.156	αὐτίκα καμπύλα τόξα καὶ αἰγανέας δολιχαύλους
9.157	εἱλόμεθʼ ἐκ νηῶν, διὰ δὲ τρίχα κοσμηθέντες
9.158	βάλλομεν· αἶψα δʼ ἔδωκε θεὸς μενοεικέα θήρην.
9.159	νῆες μέν μοι ἕποντο δυώδεκα, ἐς δὲ ἑκάστην
9.160	ἐννέα λάγχανον αἶγες· ἐμοὶ δὲ δέκʼ ἔξελον οἴῳ.
9.161	ὣς τότε μὲν πρόπαν ἦμαρ ἐς ἠέλιον καταδύντα
9.162	ἥμεθα δαινύμενοι κρέα τʼ ἄσπετα καὶ μέθυ ἡδύ·
9.163	οὐ γάρ πω νηῶν ἐξέφθιτο οἶνος ἐρυθρός,
9.164	ἀλλʼ ἐνέην· πολλὸν γὰρ ἐν ἀμφιφορεῦσιν ἕκαστοι
9.165	ἠφύσαμεν Κικόνων. ἱερὸν πτολίεθρον ἑλόντες.
9.166	Κυκλώπων δʼ ἐς γαῖαν ἐλεύσσομεν ἐγγὺς ἐόντων,
9.167	καπνόν τʼ αὐτῶν τε φθογγὴν ὀίων τε καὶ αἰγῶν.
9.168	ἦμος δʼ ἠέλιος κατέδυ καὶ ἐπὶ κνέφας ἦλθε,
9.169	δὴ τότε κοιμήθημεν ἐπὶ ῥηγμῖνι θαλάσσης.
9.170	ἦμος δʼ ἠριγένεια φάνη ῥοδοδάκτυλος Ἠώς,
9.171	καὶ τότʼ ἐγὼν ἀγορὴν θέμενος μετὰ πᾶσιν ἔειπον·
9.172	ἄλλοι μὲν νῦν μίμνετʼ, ἐμοὶ ἐρίηρες ἑταῖροι·
9.173	αὐτὰρ ἐγὼ σὺν νηί τʼ ἐμῇ καὶ ἐμοῖς ἑτάροισιν
9.174	ἐλθὼν τῶνδʼ ἀνδρῶν πειρήσομαι, οἵ τινές εἰσιν,
9.175	ἤ ῥʼ οἵ γʼ ὑβρισταί τε καὶ ἄγριοι οὐδὲ δίκαιοι,
9.176	ἦε φιλόξεινοι, καί σφιν νόος ἐστὶ θεουδής.
9.177	ὣς εἰπὼν ἀνὰ νηὸς ἔβην, ἐκέλευσα δʼ ἑταίρους
9.178	αὐτούς τʼ ἀμβαίνειν ἀνά τε πρυμνήσια λῦσαι.
9.179	οἱ δʼ αἶψʼ εἴσβαινον καὶ ἐπὶ κληῖσι καθῖζον,
9.180	ἑξῆς δʼ ἑζόμενοι πολιὴν ἅλα τύπτον ἐρετμοῖς.
9.181	ἀλλʼ ὅτε δὴ τὸν χῶρον ἀφικόμεθʼ ἐγγὺς ἐόντα,
9.182	ἔνθα δʼ ἐπʼ ἐσχατιῇ σπέος εἴδομεν ἄγχι θαλάσσης,
9.183	ὑψηλόν, δάφνῃσι κατηρεφές. ἔνθα δὲ πολλὰ
9.184	μῆλʼ, ὄιές τε καὶ αἶγες, ἰαύεσκον· περὶ δʼ αὐλὴ
9.185	ὑψηλὴ δέδμητο κατωρυχέεσσι λίθοισι
9.186	μακρῇσίν τε πίτυσσιν ἰδὲ δρυσὶν ὑψικόμοισιν.
9.187	ἔνθα δʼ ἀνὴρ ἐνίαυε πελώριος, ὅς ῥα τὰ μῆλα
9.188	οἶος ποιμαίνεσκεν ἀπόπροθεν· οὐδὲ μετʼ ἄλλους
9.189	πωλεῖτʼ, ἀλλʼ ἀπάνευθεν ἐὼν ἀθεμίστια ᾔδη.
9.190	καὶ γὰρ θαῦμʼ ἐτέτυκτο πελώριον, οὐδὲ ἐῴκει
9.191	ἀνδρί γε σιτοφάγῳ, ἀλλὰ ῥίῳ ὑλήεντι
9.192	ὑψηλῶν ὀρέων, ὅ τε φαίνεται οἶον ἀπʼ ἄλλων.
9.193	δὴ τότε τοὺς ἄλλους κελόμην ἐρίηρας ἑταίρους
9.194	αὐτοῦ πὰρ νηί τε μένειν καὶ νῆα ἔρυσθαι,
9.195	αὐτὰρ ἐγὼ κρίνας ἑτάρων δυοκαίδεκʼ ἀρίστους
9.196	βῆν· ἀτὰρ αἴγεον ἀσκὸν ἔχον μέλανος οἴνοιο
9.197	ἡδέος, ὅν μοι ἔδωκε Μάρων, Εὐάνθεος υἱός,
9.198	ἱρεὺς Ἀπόλλωνος, ὃς Ἴσμαρον ἀμφιβεβήκει,
9.199	οὕνεκά μιν σὺν παιδὶ περισχόμεθʼ ἠδὲ γυναικὶ
9.200	ἁζόμενοι· ᾤκει γὰρ ἐν ἄλσεϊ δενδρήεντι
9.201	Φοίβου Ἀπόλλωνος. ὁ δέ μοι πόρεν ἀγλαὰ δῶρα·
9.202	χρυσοῦ μέν μοι ἔδωκʼ ἐυεργέος ἑπτὰ τάλαντα,
9.203	δῶκε δέ μοι κρητῆρα πανάργυρον, αὐτὰρ ἔπειτα
9.204	οἶνον ἐν ἀμφιφορεῦσι δυώδεκα πᾶσιν ἀφύσσας
9.205	ἡδὺν ἀκηράσιον, θεῖον ποτόν· οὐδέ τις αὐτὸν
9.206	ἠείδη δμώων οὐδʼ ἀμφιπόλων ἐνὶ οἴκῳ,
9.207	ἀλλʼ αὐτὸς ἄλοχός τε φίλη ταμίη τε μίʼ οἴη.
9.208	τὸν δʼ ὅτε πίνοιεν μελιηδέα οἶνον ἐρυθρόν,
9.209	ἓν δέπας ἐμπλήσας ὕδατος ἀνὰ εἴκοσι μέτρα
9.210	χεῦʼ, ὀδμὴ δʼ ἡδεῖα ἀπὸ κρητῆρος ὀδώδει
9.211	θεσπεσίη· τότʼ ἂν οὔ τοι ἀποσχέσθαι φίλον ἦεν.
9.212	τοῦ φέρον ἐμπλήσας ἀσκὸν μέγαν, ἐν δὲ καὶ ᾖα
9.213	κωρύκῳ· αὐτίκα γάρ μοι ὀίσατο θυμὸς ἀγήνωρ
9.214	ἄνδρʼ ἐπελεύσεσθαι μεγάλην ἐπιειμένον ἀλκήν,
9.215	ἄγριον, οὔτε δίκας ἐὺ εἰδότα οὔτε θέμιστας.
9.216	καρπαλίμως δʼ εἰς ἄντρον ἀφικόμεθʼ, οὐδέ μιν ἔνδον
9.217	εὕρομεν, ἀλλʼ ἐνόμευε νομὸν κάτα πίονα μῆλα.
9.218	ἐλθόντες δʼ εἰς ἄντρον ἐθηεύμεσθα ἕκαστα.
9.219	ταρσοὶ μὲν τυρῶν βρῖθον, στείνοντο δὲ σηκοὶ
9.220	ἀρνῶν ἠδʼ ἐρίφων· διακεκριμέναι δὲ ἕκασται
9.221	ἔρχατο, χωρὶς μὲν πρόγονοι, χωρὶς δὲ μέτασσαι,
9.222	χωρὶς δʼ αὖθʼ ἕρσαι. ναῖον δʼ ὀρῷ ἄγγεα πάντα,
9.223	γαυλοί τε σκαφίδες τε, τετυγμένα, τοῖς ἐνάμελγεν.
9.224	ἔνθʼ ἐμὲ μὲν πρώτισθʼ ἕταροι λίσσοντʼ ἐπέεσσιν
9.225	τυρῶν αἰνυμένους ἰέναι πάλιν, αὐτὰρ ἔπειτα
9.226	καρπαλίμως ἐπὶ νῆα θοὴν ἐρίφους τε καὶ ἄρνας
9.227	σηκῶν ἐξελάσαντας ἐπιπλεῖν ἁλμυρὸν ὕδωρ·
9.228	ἀλλʼ ἐγὼ οὐ πιθόμην, ἦ τʼ ἂν πολὺ κέρδιον ἦεν,
9.229	ὄφρʼ αὐτόν τε ἴδοιμι, καὶ εἴ μοι ξείνια δοίη.
9.230	οὐδʼ ἄρʼ ἔμελλʼ ἑτάροισι φανεὶς ἐρατεινὸς ἔσεσθαι.
9.231	ἔνθα δὲ πῦρ κήαντες ἐθύσαμεν ἠδὲ καὶ αὐτοὶ
9.232	τυρῶν αἰνύμενοι φάγομεν, μένομέν τέ μιν ἔνδον
9.233	ἥμενοι, ἧος ἐπῆλθε νέμων. φέρε δʼ ὄβριμον ἄχθος
9.234	ὕλης ἀζαλέης, ἵνα οἱ ποτιδόρπιον εἴη,
9.235	ἔντοσθεν δʼ ἄντροιο βαλὼν ὀρυμαγδὸν ἔθηκεν·
9.236	ἡμεῖς δὲ δείσαντες ἀπεσσύμεθʼ ἐς μυχὸν ἄντρου.
9.237	αὐτὰρ ὅ γʼ εἰς εὐρὺ σπέος ἤλασε πίονα μῆλα
9.238	πάντα μάλʼ ὅσσʼ ἤμελγε, τὰ δʼ ἄρσενα λεῖπε θύρηφιν,
9.239	ἀρνειούς τε τράγους τε, βαθείης ἔκτοθεν αὐλῆς.
9.240	αὐτὰρ ἔπειτʼ ἐπέθηκε θυρεὸν μέγαν ὑψόσʼ ἀείρας,
9.241	ὄβριμον· οὐκ ἂν τόν γε δύω καὶ εἴκοσʼ ἄμαξαι
9.242	ἐσθλαὶ τετράκυκλοι ἀπʼ οὔδεος ὀχλίσσειαν·
9.243	τόσσην ἠλίβατον πέτρην ἐπέθηκε θύρῃσιν.
9.244	ἑζόμενος δʼ ἤμελγεν ὄις καὶ μηκάδας αἶγας,
9.245	πάντα κατὰ μοῖραν, καὶ ὑπʼ ἔμβρυον ἧκεν ἑκάστῃ.
9.246	αὐτίκα δʼ ἥμισυ μὲν θρέψας λευκοῖο γάλακτος
9.247	πλεκτοῖς ἐν ταλάροισιν ἀμησάμενος κατέθηκεν,
9.248	ἥμισυ δʼ αὖτʼ ἔστησεν ἐν ἄγγεσιν, ὄφρα οἱ εἴη
9.249	πίνειν αἰνυμένῳ καί οἱ ποτιδόρπιον εἴη.
9.250	αὐτὰρ ἐπεὶ δὴ σπεῦσε πονησάμενος τὰ ἃ ἔργα,
9.251	καὶ τότε πῦρ ἀνέκαιε καὶ εἴσιδεν, εἴρετο δʼ ἡμέας·
9.252	ὦ ξεῖνοι, τίνες ἐστέ; πόθεν πλεῖθʼ ὑγρὰ κέλευθα;
9.253	ἦ τι κατὰ πρῆξιν ἦ μαψιδίως ἀλάλησθε,
9.254	οἷά τε ληιστῆρες, ὑπεὶρ ἅλα, τοί τʼ ἀλόωνται
9.255	ψυχὰς παρθέμενοι κακὸν ἀλλοδαποῖσι φέροντες;
9.256	ὣς ἔφαθʼ, ἡμῖν δʼ αὖτε κατεκλάσθη φίλον ἦτορ,
9.257	δεισάντων φθόγγον τε βαρὺν αὐτόν τε πέλωρον.
9.258	ἀλλὰ καὶ ὥς μιν ἔπεσσιν ἀμειβόμενος προσέειπον·
9.259	ἡμεῖς τοι Τροίηθεν ἀποπλαγχθέντες Ἀχαιοὶ
9.260	παντοίοις ἀνέμοισιν ὑπὲρ μέγα λαῖτμα θαλάσσης,
9.261	οἴκαδε ἱέμενοι, ἄλλην ὁδὸν ἄλλα κέλευθα
9.262	ἤλθομεν· οὕτω που Ζεὺς ἤθελε μητίσασθαι.
9.263	λαοὶ δʼ Ἀτρεΐδεω Ἀγαμέμνονος εὐχόμεθʼ εἶναι,
9.264	τοῦ δὴ νῦν γε μέγιστον ὑπουράνιον κλέος ἐστί·
9.265	τόσσην γὰρ διέπερσε πόλιν καὶ ἀπώλεσε λαοὺς
9.266	πολλούς. ἡμεῖς δʼ αὖτε κιχανόμενοι τὰ σὰ γοῦνα
9.267	ἱκόμεθʼ, εἴ τι πόροις ξεινήιον ἠὲ καὶ ἄλλως
9.268	δοίης δωτίνην, ἥ τε ξείνων θέμις ἐστίν.
9.269	ἀλλʼ αἰδεῖο, φέριστε, θεούς· ἱκέται δέ τοί εἰμεν,
9.270	Ζεὺς δʼ ἐπιτιμήτωρ ἱκετάων τε ξείνων τε,
9.271	ξείνιος, ὃς ξείνοισιν ἅμʼ αἰδοίοισιν ὀπηδεῖ.
9.272	ὣς ἐφάμην, ὁ δέ μʼ αὐτίκʼ ἀμείβετο νηλέι θυμῷ·
9.273	νήπιός εἰς, ὦ ξεῖνʼ, ἢ τηλόθεν εἰλήλουθας,
9.274	ὅς με θεοὺς κέλεαι ἢ δειδίμεν ἢ ἀλέασθαι·
9.275	οὐ γὰρ Κύκλωπες Διὸς αἰγιόχου ἀλέγουσιν
9.276	οὐδὲ θεῶν μακάρων, ἐπεὶ ἦ πολὺ φέρτεροί εἰμεν·
9.277	οὐδʼ ἂν ἐγὼ Διὸς ἔχθος ἀλευάμενος πεφιδοίμην
9.278	οὔτε σεῦ οὔθʼ ἑτάρων, εἰ μὴ θυμός με κελεύοι.
9.279	ἀλλά μοι εἴφʼ ὅπῃ ἔσχες ἰὼν ἐυεργέα νῆα,
9.280	ἤ που ἐπʼ ἐσχατιῆς, ἦ καὶ σχεδόν, ὄφρα δαείω.
9.281	ὣς φάτο πειράζων, ἐμὲ δʼ οὐ λάθεν εἰδότα πολλά,
9.282	ἀλλά μιν ἄψορρον προσέφην δολίοις ἐπέεσσι·
9.283	νέα μέν μοι κατέαξε Ποσειδάων ἐνοσίχθων
9.284	πρὸς πέτρῃσι βαλὼν ὑμῆς ἐπὶ πείρασι γαίης,
9.285	ἄκρῃ προσπελάσας· ἄνεμος δʼ ἐκ πόντου ἔνεικεν·
9.286	αὐτὰρ ἐγὼ σὺν τοῖσδε ὑπέκφυγον αἰπὺν ὄλεθρον.
9.287	ὣς ἐφάμην, ὁ δέ μʼ οὐδὲν ἀμείβετο νηλέι θυμῷ,
9.288	ἀλλʼ ὅ γʼ ἀναΐξας ἑτάροις ἐπὶ χεῖρας ἴαλλε,
9.289	σὺν δὲ δύω μάρψας ὥς τε σκύλακας ποτὶ γαίῃ
9.290	κόπτʼ· ἐκ δʼ ἐγκέφαλος χαμάδις ῥέε, δεῦε δὲ γαῖαν.
9.291	τοὺς δὲ διὰ μελεϊστὶ ταμὼν ὡπλίσσατο δόρπον·
9.292	ἤσθιε δʼ ὥς τε λέων ὀρεσίτροφος, οὐδʼ ἀπέλειπεν,
9.293	ἔγκατά τε σάρκας τε καὶ ὀστέα μυελόεντα.
9.294	ἡμεῖς δὲ κλαίοντες ἀνεσχέθομεν Διὶ χεῖρας,
9.295	σχέτλια ἔργʼ ὁρόωντες, ἀμηχανίη δʼ ἔχε θυμόν.
9.296	αὐτὰρ ἐπεὶ Κύκλωψ μεγάλην ἐμπλήσατο νηδὺν
9.297	ἀνδρόμεα κρέʼ ἔδων καὶ ἐπʼ ἄκρητον γάλα πίνων,
9.298	κεῖτʼ ἔντοσθʼ ἄντροιο τανυσσάμενος διὰ μήλων.
9.299	τὸν μὲν ἐγὼ βούλευσα κατὰ μεγαλήτορα θυμὸν
9.300	ἆσσον ἰών, ξίφος ὀξὺ ἐρυσσάμενος παρὰ μηροῦ,
9.301	οὐτάμεναι πρὸς στῆθος, ὅθι φρένες ἧπαρ ἔχουσι,
9.302	χείρʼ ἐπιμασσάμενος· ἕτερος δέ με θυμὸς ἔρυκεν.
9.303	αὐτοῦ γάρ κε καὶ ἄμμες ἀπωλόμεθʼ αἰπὺν ὄλεθρον·
9.304	οὐ γάρ κεν δυνάμεσθα θυράων ὑψηλάων
9.305	χερσὶν ἀπώσασθαι λίθον ὄβριμον, ὃν προσέθηκεν.
9.306	ὣς τότε μὲν στενάχοντες ἐμείναμεν Ἠῶ δῖαν.
9.307	ἦμος δʼ ἠριγένεια φάνη ῥοδοδάκτυλος Ἠώς,
9.308	καὶ τότε πῦρ ἀνέκαιε καὶ ἤμελγε κλυτὰ μῆλα,
9.309	πάντα κατὰ μοῖραν, καὶ ὑπʼ ἔμβρυον ἧκεν ἑκάστῃ.
9.310	αὐτὰρ ἐπεὶ δὴ σπεῦσε πονησάμενος τὰ ἃ ἔργα,
9.311	σὺν δʼ ὅ γε δὴ αὖτε δύω μάρψας ὡπλίσσατο δεῖπνον.
9.312	δειπνήσας δʼ ἄντρου ἐξήλασε πίονα μῆλα,
9.313	ῥηιδίως ἀφελὼν θυρεὸν μέγαν· αὐτὰρ ἔπειτα
9.314	ἂψ ἐπέθηχʼ, ὡς εἴ τε φαρέτρῃ πῶμʼ ἐπιθείη.
9.315	πολλῇ δὲ ῥοίζῳ πρὸς ὄρος τρέπε πίονα μῆλα
9.316	Κύκλωψ· αὐτὰρ ἐγὼ λιπόμην κακὰ βυσσοδομεύων,
9.317	εἴ πως τισαίμην, δοίη δέ μοι εὖχος Ἀθήνη.
9.318	ἥδε δέ μοι κατὰ θυμὸν ἀρίστη φαίνετο βουλή.
9.319	Κύκλωπος γὰρ ἔκειτο μέγα ῥόπαλον παρὰ σηκῷ,
9.320	χλωρὸν ἐλαΐνεον· τὸ μὲν ἔκταμεν, ὄφρα φοροίη
9.321	αὐανθέν. τὸ μὲν ἄμμες ἐίσκομεν εἰσορόωντες
9.322	ὅσσον θʼ ἱστὸν νηὸς ἐεικοσόροιο μελαίνης,
9.323	φορτίδος εὐρείης, ἥ τʼ ἐκπεράᾳ μέγα λαῖτμα·
9.324	τόσσον ἔην μῆκος, τόσσον πάχος εἰσοράασθαι.
9.325	τοῦ μὲν ὅσον τʼ ὄργυιαν ἐγὼν ἀπέκοψα παραστὰς
9.326	καὶ παρέθηχʼ ἑτάροισιν, ἀποξῦναι δʼ ἐκέλευσα·
9.327	οἱ δʼ ὁμαλὸν ποίησαν· ἐγὼ δʼ ἐθόωσα παραστὰς
9.328	ἄκρον, ἄφαρ δὲ λαβὼν ἐπυράκτεον ἐν πυρὶ κηλέῳ.
9.329	καὶ τὸ μὲν εὖ κατέθηκα κατακρύψας ὑπὸ κόπρῳ,
9.330	ἥ ῥα κατὰ σπείους κέχυτο μεγάλʼ ἤλιθα πολλή·
9.331	αὐτὰρ τοὺς ἄλλους κλήρῳ πεπαλάσθαι ἄνωγον,
9.332	ὅς τις τολμήσειεν ἐμοὶ σὺν μοχλὸν ἀείρας
9.333	τρῖψαι ἐν ὀφθαλμῷ, ὅτε τὸν γλυκὺς ὕπνος ἱκάνοι.
9.334	οἱ δʼ ἔλαχον τοὺς ἄν κε καὶ ἤθελον αὐτὸς ἑλέσθαι,
9.335	τέσσαρες, αὐτὰρ ἐγὼ πέμπτος μετὰ τοῖσιν ἐλέγμην.
9.336	ἑσπέριος δʼ ἦλθεν καλλίτριχα μῆλα νομεύων.
9.337	αὐτίκα δʼ εἰς εὐρὺ σπέος ἤλασε πίονα μῆλα
9.338	πάντα μάλʼ, οὐδέ τι λεῖπε βαθείης ἔκτοθεν αὐλῆς,
9.339	ἤ τι ὀισάμενος, ἢ καὶ θεὸς ὣς ἐκέλευσεν.
9.340	αὐτὰρ ἔπειτʼ ἐπέθηκε θυρεὸν μέγαν ὑψόσʼ ἀείρας,
9.341	ἑζόμενος δʼ ἤμελγεν ὄις καὶ μηκάδας αἶγας,
9.342	πάντα κατὰ μοῖραν, καὶ ὑπʼ ἔμβρυον ἧκεν ἑκάστῃ.
9.343	αὐτὰρ ἐπεὶ δὴ σπεῦσε πονησάμενος τὰ ἃ ἔργα,
9.344	σὺν δʼ ὅ γε δὴ αὖτε δύω μάρψας ὡπλίσσατο δόρπον.
9.345	καὶ τότʼ ἐγὼ Κύκλωπα προσηύδων ἄγχι παραστάς,
9.346	κισσύβιον μετὰ χερσὶν ἔχων μέλανος οἴνοιο·
9.347	Κύκλωψ, τῆ, πίε οἶνον, ἐπεὶ φάγες ἀνδρόμεα κρέα,
9.348	ὄφρʼ εἰδῇς οἷόν τι ποτὸν τόδε νηῦς ἐκεκεύθει
9.349	ἡμετέρη. σοὶ δʼ αὖ λοιβὴν φέρον, εἴ μʼ ἐλεήσας
9.350	οἴκαδε πέμψειας· σὺ δὲ μαίνεαι οὐκέτʼ ἀνεκτῶς.
9.351	σχέτλιε, πῶς κέν τίς σε καὶ ὕστερον ἄλλος ἵκοιτο
9.352	ἀνθρώπων πολέων, ἐπεὶ οὐ κατὰ μοῖραν ἔρεξας;
9.353	ὣς ἐφάμην, ὁ δʼ ἔδεκτο καὶ ἔκπιεν· ἥσατο δʼ αἰνῶς
9.354	ἡδὺ ποτὸν πίνων καὶ μʼ ᾔτεε δεύτερον αὖτις·
9.355	δός μοι ἔτι πρόφρων, καί μοι τεὸν οὔνομα εἰπὲ
9.356	αὐτίκα νῦν, ἵνα τοι δῶ ξείνιον, ᾧ κε σὺ χαίρῃς·
9.357	καὶ γὰρ Κυκλώπεσσι φέρει ζείδωρος ἄρουρα
9.358	οἶνον ἐριστάφυλον, καί σφιν Διὸς ὄμβρος ἀέξει·
9.359	ἀλλὰ τόδʼ ἀμβροσίης καὶ νέκταρός ἐστιν ἀπορρώξ.
9.360	ὣς φάτʼ, ἀτάρ οἱ αὖτις ἐγὼ πόρον αἴθοπα οἶνον.
9.361	τρὶς μὲν ἔδωκα φέρων, τρὶς δʼ ἔκπιεν ἀφραδίῃσιν.
9.362	αὐτὰρ ἐπεὶ Κύκλωπα περὶ φρένας ἤλυθεν οἶνος,
9.363	καὶ τότε δή μιν ἔπεσσι προσηύδων μειλιχίοισι·
9.364	Κύκλωψ, εἰρωτᾷς μʼ ὄνομα κλυτόν, αὐτὰρ ἐγώ τοι
9.365	ἐξερέω· σὺ δέ μοι δὸς ξείνιον, ὥς περ ὑπέστης.
9.366	Οὖτις ἐμοί γʼ ὄνομα· Οὖτιν δέ με κικλήσκουσι
9.367	μήτηρ ἠδὲ πατὴρ ἠδʼ ἄλλοι πάντες ἑταῖροι.
9.368	ὣς ἐφάμην, ὁ δέ μʼ αὐτίκʼ ἀμείβετο νηλέι θυμῷ·
9.369	Οὖτιν ἐγὼ πύματον ἔδομαι μετὰ οἷς ἑτάροισιν,
9.370	τοὺς δʼ ἄλλους πρόσθεν· τὸ δέ τοι ξεινήιον ἔσται.
9.371	ἦ καὶ ἀνακλινθεὶς πέσεν ὕπτιος, αὐτὰρ ἔπειτα
9.372	κεῖτʼ ἀποδοχμώσας παχὺν αὐχένα, κὰδ δέ μιν ὕπνος
9.373	ᾕρει πανδαμάτωρ· φάρυγος δʼ ἐξέσσυτο οἶνος
9.374	ψωμοί τʼ ἀνδρόμεοι· ὁ δʼ ἐρεύγετο οἰνοβαρείων.
9.375	καὶ τότʼ ἐγὼ τὸν μοχλὸν ὑπὸ σποδοῦ ἤλασα πολλῆς,
9.376	ἧος θερμαίνοιτο· ἔπεσσι δὲ πάντας ἑταίρους
9.377	θάρσυνον, μή τίς μοι ὑποδείσας ἀναδύη.
9.378	ἀλλʼ ὅτε δὴ τάχʼ ὁ μοχλὸς ἐλάινος ἐν πυρὶ μέλλεν
9.379	ἅψεσθαι, χλωρός περ ἐών, διεφαίνετο δʼ αἰνῶς,
9.380	καὶ τότʼ ἐγὼν ἆσσον φέρον ἐκ πυρός, ἀμφὶ δʼ ἑταῖροι
9.381	ἵσταντʼ· αὐτὰρ θάρσος ἐνέπνευσεν μέγα δαίμων.
9.382	οἱ μὲν μοχλὸν ἑλόντες ἐλάινον, ὀξὺν ἐπʼ ἄκρῳ,
9.383	ὀφθαλμῷ ἐνέρεισαν· ἐγὼ δʼ ἐφύπερθεν ἐρεισθεὶς
9.384	δίνεον, ὡς ὅτε τις τρυπῷ δόρυ νήιον ἀνὴρ
9.385	τρυπάνῳ, οἱ δέ τʼ ἔνερθεν ὑποσσείουσιν ἱμάντι
9.386	ἁψάμενοι ἑκάτερθε, τὸ δὲ τρέχει ἐμμενὲς αἰεί.
9.387	ὣς τοῦ ἐν ὀφθαλμῷ πυριήκεα μοχλὸν ἑλόντες
9.388	δινέομεν, τὸν δʼ αἷμα περίρρεε θερμὸν ἐόντα.
9.389	πάντα δέ οἱ βλέφαρʼ ἀμφὶ καὶ ὀφρύας εὗσεν ἀυτμὴ
9.390	γλήνης καιομένης, σφαραγεῦντο δέ οἱ πυρὶ ῥίζαι.
9.391	ὡς δʼ ὅτʼ ἀνὴρ χαλκεὺς πέλεκυν μέγαν ἠὲ σκέπαρνον
9.392	εἰν ὕδατι ψυχρῷ βάπτῃ μεγάλα ἰάχοντα
9.393	φαρμάσσων· τὸ γὰρ αὖτε σιδήρου γε κράτος ἐστίν
9.394	ὣς τοῦ σίζʼ ὀφθαλμὸς ἐλαϊνέῳ περὶ μοχλῷ.
9.395	σμερδαλέον δὲ μέγʼ ᾤμωξεν, περὶ δʼ ἴαχε πέτρη,
9.396	ἡμεῖς δὲ δείσαντες ἀπεσσύμεθʼ· αὐτὰρ ὁ μοχλὸν
9.397	ἐξέρυσʼ ὀφθαλμοῖο πεφυρμένον αἵματι πολλῷ.
9.398	τὸν μὲν ἔπειτʼ ἔρριψεν ἀπὸ ἕο χερσὶν ἀλύων,
9.399	αὐτὰρ ὁ Κύκλωπας μεγάλʼ ἤπυεν, οἵ ῥά μιν ἀμφὶς
9.400	ᾤκεον ἐν σπήεσσι διʼ ἄκριας ἠνεμοέσσας.
9.401	οἱ δὲ βοῆς ἀίοντες ἐφοίτων ἄλλοθεν ἄλλος,
9.402	ἱστάμενοι δʼ εἴροντο περὶ σπέος ὅττι ἑ κήδοι·
9.403	τίπτε τόσον, Πολύφημʼ, ἀρημένος ὧδʼ ἐβόησας
9.404	νύκτα διʼ ἀμβροσίην καὶ ἀύπνους ἄμμε τίθησθα;
9.405	ἦ μή τίς σευ μῆλα βροτῶν ἀέκοντος ἐλαύνει;
9.406	ἦ μή τίς σʼ αὐτὸν κτείνει δόλῳ ἠὲ βίηφιν;
9.407	τοὺς δʼ αὖτʼ ἐξ ἄντρου προσέφη κρατερὸς Πολύφημος·
9.408	ὦ φίλοι, Οὖτίς με κτείνει δόλῳ οὐδὲ βίηφιν.
9.409	οἱ δʼ ἀπαμειβόμενοι ἔπεα πτερόεντʼ ἀγόρευον·
9.410	εἰ μὲν δὴ μή τίς σε βιάζεται οἶον ἐόντα,
9.411	νοῦσον γʼ οὔ πως ἔστι Διὸς μεγάλου ἀλέασθαι,
9.412	ἀλλὰ σύ γʼ εὔχεο πατρὶ Ποσειδάωνι ἄνακτι.
9.413	ὣς ἄρʼ ἔφαν ἀπιόντες, ἐμὸν δʼ ἐγέλασσε φίλον κῆρ,
9.414	ὡς ὄνομʼ ἐξαπάτησεν ἐμὸν καὶ μῆτις ἀμύμων.
9.415	Κύκλωψ δὲ στενάχων τε καὶ ὠδίνων ὀδύνῃσι
9.416	χερσὶ ψηλαφόων ἀπὸ μὲν λίθον εἷλε θυράων,
9.417	αὐτὸς δʼ εἰνὶ θύρῃσι καθέζετο χεῖρε πετάσσας,
9.418	εἴ τινά που μετʼ ὄεσσι λάβοι στείχοντα θύραζε·
9.419	οὕτω γάρ πού μʼ ἤλπετʼ ἐνὶ φρεσὶ νήπιον εἶναι.
9.420	αὐτὰρ ἐγὼ βούλευον, ὅπως ὄχʼ ἄριστα γένοιτο,
9.421	εἴ τινʼ ἑταίροισιν θανάτου λύσιν ἠδʼ ἐμοὶ αὐτῷ
9.422	εὑροίμην· πάντας δὲ δόλους καὶ μῆτιν ὕφαινον
9.423	ὥς τε περὶ ψυχῆς· μέγα γὰρ κακὸν ἐγγύθεν ἦεν.
9.424	ἥδε δέ μοι κατὰ θυμὸν ἀρίστη φαίνετο βουλή.
9.425	ἄρσενες ὄιες ἦσαν ἐυτρεφέες, δασύμαλλοι,
9.426	καλοί τε μεγάλοι τε, ἰοδνεφὲς εἶρος ἔχοντες·
9.427	τοὺς ἀκέων συνέεργον ἐυστρεφέεσσι λύγοισιν,
9.428	τῇς ἔπι Κύκλωψ εὗδε πέλωρ, ἀθεμίστια εἰδώς,
9.429	σύντρεις αἰνύμενος· ὁ μὲν ἐν μέσῳ ἄνδρα φέρεσκε,
9.430	τὼ δʼ ἑτέρω ἑκάτερθεν ἴτην σώοντες ἑταίρους.
9.431	τρεῖς δὲ ἕκαστον φῶτʼ ὄιες φέρον· αὐτὰρ ἐγώ γε—
9.432	ἀρνειὸς γὰρ ἔην μήλων ὄχʼ ἄριστος ἁπάντων,
9.433	τοῦ κατὰ νῶτα λαβών, λασίην ὑπὸ γαστέρʼ ἐλυσθεὶς
9.434	κείμην· αὐτὰρ χερσὶν ἀώτου θεσπεσίοιο
9.435	νωλεμέως στρεφθεὶς ἐχόμην τετληότι θυμῷ.
9.436	ὣς τότε μὲν στενάχοντες ἐμείναμεν Ἠῶ δῖαν.
9.437	ἦμος δʼ ἠριγένεια φάνη ῥοδοδάκτυλος Ἠώς,
9.438	καὶ τότʼ ἔπειτα νομόνδʼ ἐξέσσυτο ἄρσενα μῆλα,
9.439	θήλειαι δὲ μέμηκον ἀνήμελκτοι περὶ σηκούς·
9.440	οὔθατα γὰρ σφαραγεῦντο. ἄναξ δʼ ὀδύνῃσι κακῇσι
9.441	τειρόμενος πάντων ὀίων ἐπεμαίετο νῶτα
9.442	ὀρθῶν ἑσταότων· τὸ δὲ νήπιος οὐκ ἐνόησεν,
9.443	ὥς οἱ ὑπʼ εἰροπόκων ὀίων στέρνοισι δέδεντο.
9.444	ὕστατος ἀρνειὸς μήλων ἔστειχε θύραζε
9.445	λάχνῳ στεινόμενος καὶ ἐμοὶ πυκινὰ φρονέοντι.
9.446	τὸν δʼ ἐπιμασσάμενος προσέφη κρατερὸς Πολύφημος·
9.447	κριὲ πέπον, τί μοι ὧδε διὰ σπέος ἔσσυο μήλων
9.448	ὕστατος; οὔ τι πάρος γε λελειμμένος ἔρχεαι οἰῶν,
9.449	ἀλλὰ πολὺ πρῶτος νέμεαι τέρενʼ ἄνθεα ποίης
9.450	μακρὰ βιβάς, πρῶτος δὲ ῥοὰς ποταμῶν ἀφικάνεις,
9.451	πρῶτος δὲ σταθμόνδε λιλαίεαι ἀπονέεσθαι
9.452	ἑσπέριος· νῦν αὖτε πανύστατος. ἦ σύ γʼ ἄνακτος
9.453	ὀφθαλμὸν ποθέεις, τὸν ἀνὴρ κακὸς ἐξαλάωσε
9.454	σὺν λυγροῖς ἑτάροισι δαμασσάμενος φρένας οἴνῳ,
9.455	Οὖτις, ὃν οὔ πώ φημι πεφυγμένον εἶναι ὄλεθρον.
9.456	εἰ δὴ ὁμοφρονέοις ποτιφωνήεις τε γένοιο
9.457	εἰπεῖν ὅππῃ κεῖνος ἐμὸν μένος ἠλασκάζει·
9.458	τῷ κέ οἱ ἐγκέφαλός γε διὰ σπέος ἄλλυδις ἄλλῃ
9.459	θεινομένου ῥαίοιτο πρὸς οὔδεϊ, κὰδ δέ κʼ ἐμὸν κῆρ
9.460	λωφήσειε κακῶν, τά μοι οὐτιδανὸς πόρεν Οὖτις.
9.461	ὣς εἰπὼν τὸν κριὸν ἀπὸ ἕο πέμπε θύραζε.
9.462	ἐλθόντες δʼ ἠβαιὸν ἀπὸ σπείους τε καὶ αὐλῆς
9.463	πρῶτος ὑπʼ ἀρνειοῦ λυόμην, ὑπέλυσα δʼ ἑταίρους.
9.464	καρπαλίμως δὲ τὰ μῆλα ταναύποδα, πίονα δημῷ,
9.465	πολλὰ περιτροπέοντες ἐλαύνομεν, ὄφρʼ ἐπὶ νῆα
9.466	ἱκόμεθʼ. ἀσπάσιοι δὲ φίλοις ἑτάροισι φάνημεν,
9.467	οἳ φύγομεν θάνατον, τοὺς δὲ στενάχοντο γοῶντες.
9.468	ἀλλʼ ἐγὼ οὐκ εἴων, ἀνὰ δʼ ὀφρύσι νεῦον ἑκάστῳ,
9.469	κλαίειν, ἀλλʼ ἐκέλευσα θοῶς καλλίτριχα μῆλα
9.470	πόλλʼ ἐν νηὶ βαλόντας ἐπιπλεῖν ἁλμυρὸν ὕδωρ.
9.471	οἱ δʼ αἶψʼ εἴσβαινον καὶ ἐπὶ κληῖσι καθῖζον,
9.472	ἑξῆς δʼ ἑζόμενοι πολιὴν ἅλα τύπτον ἐρετμοῖς.
9.473	ἀλλʼ ὅτε τόσσον ἀπῆν, ὅσσον τε γέγωνε βοήσας,
9.474	καὶ τότʼ ἐγὼ Κύκλωπα προσηύδων κερτομίοισι·
9.475	Κύκλωψ, οὐκ ἄρʼ ἔμελλες ἀνάλκιδος ἀνδρὸς ἑταίρους
9.476	ἔδμεναι ἐν σπῆι γλαφυρῷ κρατερῆφι βίηφι.
9.477	καὶ λίην σέ γʼ ἔμελλε κιχήσεσθαι κακὰ ἔργα,
9.478	σχέτλιʼ, ἐπεὶ ξείνους οὐχ ἅζεο σῷ ἐνὶ οἴκῳ
9.479	ἐσθέμεναι· τῷ σε Ζεὺς τίσατο καὶ θεοὶ ἄλλοι.
9.480	ὣς ἐφάμην, ὁ δʼ ἔπειτα χολώσατο κηρόθι μᾶλλον,
9.481	ἧκε δʼ ἀπορρήξας κορυφὴν ὄρεος μεγάλοιο,
9.482	κὰδ δʼ ἔβαλε προπάροιθε νεὸς κυανοπρῴροιο
9.483	τυτθόν, ἐδεύησεν δʼ οἰήιον ἄκρον ἱκέσθαι,
9.484	ἐκλύσθη δὲ θάλασσα κατερχομένης ὑπὸ πέτρης·
9.485	τὴν δʼ αἶψʼ ἤπειρόνδε παλιρρόθιον φέρε κῦμα,
9.486	πλημυρὶς ἐκ πόντοιο, θέμωσε δὲ χέρσον ἱκέσθαι.
9.487	αὐτὰρ ἐγὼ χείρεσσι λαβὼν περιμήκεα κοντὸν
9.488	ὦσα παρέξ, ἑτάροισι δʼ ἐποτρύνας ἐκέλευσα
9.489	ἐμβαλέειν κώπῃς, ἵνʼ ὑπὲκ κακότητα φύγοιμεν,
9.490	κρατὶ κατανεύων· οἱ δὲ προπεσόντες ἔρεσσον.
9.491	ἀλλʼ ὅτε δὴ δὶς τόσσον ἅλα πρήσσοντες ἀπῆμεν,
9.492	καὶ τότε δὴ Κύκλωπα προσηύδων· ἀμφὶ δʼ ἑταῖροι
9.493	μειλιχίοις ἐπέεσσιν ἐρήτυον ἄλλοθεν ἄλλος·
9.494	σχέτλιε, τίπτʼ ἐθέλεις ἐρεθιζέμεν ἄγριον ἄνδρα;
9.495	ὃς καὶ νῦν πόντονδε βαλὼν βέλος ἤγαγε νῆα
9.496	αὖτις ἐς ἤπειρον, καὶ δὴ φάμεν αὐτόθʼ ὀλέσθαι.
9.497	εἰ δὲ φθεγξαμένου τευ ἢ αὐδήσαντος ἄκουσε,
9.498	σύν κεν ἄραξʼ ἡμέων κεφαλὰς καὶ νήια δοῦρα
9.499	μαρμάρῳ ὀκριόεντι βαλών· τόσσον γὰρ ἵησιν.
9.500	ὣς φάσαν, ἀλλʼ οὐ πεῖθον ἐμὸν μεγαλήτορα θυμόν,
9.501	ἀλλά μιν ἄψορρον προσέφην κεκοτηότι θυμῷ·
9.502	Κύκλωψ, αἴ κέν τίς σε καταθνητῶν ἀνθρώπων
9.503	ὀφθαλμοῦ εἴρηται ἀεικελίην ἀλαωτύν,
9.504	φάσθαι Ὀδυσσῆα πτολιπόρθιον ἐξαλαῶσαι,
9.505	υἱὸν Λαέρτεω, Ἰθάκῃ ἔνι οἰκίʼ ἔχοντα.
9.506	ὣς ἐφάμην, ὁ δέ μʼ οἰμώξας ἠμείβετο μύθῳ·
9.507	ὢ πόποι, ἦ μάλα δή με παλαίφατα θέσφαθʼ ἱκάνει.
9.508	ἔσκε τις ἐνθάδε μάντις ἀνὴρ ἠύς τε μέγας τε,
9.509	Τήλεμος Εὐρυμίδης, ὃς μαντοσύνῃ ἐκέκαστο
9.510	καὶ μαντευόμενος κατεγήρα Κυκλώπεσσιν·
9.511	ὅς μοι ἔφη τάδε πάντα τελευτήσεσθαι ὀπίσσω,
9.512	χειρῶν ἐξ Ὀδυσῆος ἁμαρτήσεσθαι ὀπωπῆς.
9.513	ἀλλʼ αἰεί τινα φῶτα μέγαν καὶ καλὸν ἐδέγμην
9.514	ἐνθάδʼ ἐλεύσεσθαι, μεγάλην ἐπιειμένον ἀλκήν·
9.515	νῦν δέ μʼ ἐὼν ὀλίγος τε καὶ οὐτιδανὸς καὶ ἄκικυς
9.516	ὀφθαλμοῦ ἀλάωσεν, ἐπεί μʼ ἐδαμάσσατο οἴνῳ.
9.517	ἀλλʼ ἄγε δεῦρʼ, Ὀδυσεῦ, ἵνα τοι πὰρ ξείνια θείω
9.518	πομπήν τʼ ὀτρύνω δόμεναι κλυτὸν ἐννοσίγαιον·
9.519	τοῦ γὰρ ἐγὼ πάϊς εἰμί, πατὴρ δʼ ἐμὸς εὔχεται εἶναι.
9.520	αὐτὸς δʼ, αἴ κʼ ἐθέλῃσʼ, ἰήσεται, οὐδέ τις ἄλλος
9.521	οὔτε θεῶν μακάρων οὔτε θνητῶν ἀνθρώπων.
9.522	ὣς ἔφατʼ, αὐτὰρ ἐγώ μιν ἀμειβόμενος προσέειπον·
9.523	αἲ γὰρ δὴ ψυχῆς τε καὶ αἰῶνός σε δυναίμην
9.524	εὖνιν ποιήσας πέμψαι δόμον Ἄϊδος εἴσω,
9.525	ὡς οὐκ ὀφθαλμόν γʼ ἰήσεται οὐδʼ ἐνοσίχθων.
9.526	ὣς ἐφάμην, ὁ δʼ ἔπειτα Ποσειδάωνι ἄνακτι
9.527	εὔχετο χεῖρʼ ὀρέγων εἰς οὐρανὸν ἀστερόεντα·
9.528	κλῦθι, Ποσείδαον γαιήοχε κυανοχαῖτα,
9.529	εἰ ἐτεόν γε σός εἰμι, πατὴρ δʼ ἐμὸς εὔχεαι εἶναι,
9.530	δὸς μὴ Ὀδυσσῆα πτολιπόρθιον οἴκαδʼ ἱκέσθαι
9.531	υἱὸν Λαέρτεω, Ἰθάκῃ ἔνι οἰκίʼ ἔχοντα.
9.532	ἀλλʼ εἴ οἱ μοῖρʼ ἐστὶ φίλους τʼ ἰδέειν καὶ ἱκέσθαι
9.533	οἶκον ἐυκτίμενον καὶ ἑὴν ἐς πατρίδα γαῖαν,
9.534	ὀψὲ κακῶς ἔλθοι, ὀλέσας ἄπο πάντας ἑταίρους,
9.535	νηὸς ἐπʼ ἀλλοτρίης, εὕροι δʼ ἐν πήματα οἴκῳ.
9.536	ὣς ἔφατʼ εὐχόμενος, τοῦ δʼ ἔκλυε κυανοχαίτης.
9.537	αὐτὰρ ὅ γʼ ἐξαῦτις πολὺ μείζονα λᾶαν ἀείρας
9.538	ἧκʼ ἐπιδινήσας, ἐπέρεισε δὲ ἶνʼ ἀπέλεθρον,
9.539	κὰδʼ δʼ ἔβαλεν μετόπισθε νεὸς κυανοπρῴροιο
9.540	τυτθόν, ἐδεύησεν δʼ οἰήιον ἄκρον ἱκέσθαι.
9.541	ἐκλύσθη δὲ θάλασσα κατερχομένης ὑπὸ πέτρης·
9.542	τὴν δὲ πρόσω φέρε κῦμα, θέμωσε δὲ χέρσον ἱκέσθαι.
9.543	ἀλλʼ ὅτε δὴ τὴν νῆσον ἀφικόμεθʼ, ἔνθα περ ἄλλαι
9.544	νῆες ἐύσσελμοι μένον ἁθρόαι, ἀμφὶ δʼ ἑταῖροι
9.545	ἥατʼ ὀδυρόμενοι, ἡμέας ποτιδέγμενοι αἰεί,
9.546	νῆα μὲν ἔνθʼ ἐλθόντες ἐκέλσαμεν ἐν ψαμάθοισιν,
9.547	ἐκ δὲ καὶ αὐτοὶ βῆμεν ἐπὶ ῥηγμῖνι θαλάσσης.
9.548	μῆλα δὲ Κύκλωπος γλαφυρῆς ἐκ νηὸς ἑλόντες
9.549	δασσάμεθʼ, ὡς μή τίς μοι ἀτεμβόμενος κίοι ἴσης.
9.550	ἀρνειὸν δʼ ἐμοὶ οἴῳ ἐυκνήμιδες ἑταῖροι
9.551	μήλων δαιομένων δόσαν ἔξοχα· τὸν δʼ ἐπὶ θινὶ
9.552	Ζηνὶ κελαινεφέι Κρονίδῃ, ὃς πᾶσιν ἀνάσσει,
9.553	ῥέξας μηρίʼ ἔκαιον· ὁ δʼ οὐκ ἐμπάζετο ἱρῶν,
9.554	ἀλλʼ ὅ γε μερμήριξεν ὅπως ἀπολοίατο πᾶσαι
9.555	νῆες ἐύσσελμοι καὶ ἐμοὶ ἐρίηρες ἑταῖροι.
9.556	ὣς τότε μὲν πρόπαν ἦμαρ ἐς ἠέλιον καταδύντα
9.557	ἥμεθα δαινύμενοι κρέα τʼ ἄσπετα καὶ μέθυ ἡδύ·
9.558	ἦμος δʼ ἠέλιος κατέδυ καὶ ἐπὶ κνέφας ἦλθε,
9.559	δὴ τότε κοιμήθημεν ἐπὶ ῥηγμῖνι θαλάσσης.
9.560	ἦμος δʼ ἠριγένεια φάνη ῥοδοδάκτυλος Ἠώς,
9.561	δὴ τότʼ ἐγὼν ἑτάροισιν ἐποτρύνας ἐκέλευσα
9.562	αὐτούς τʼ ἀμβαίνειν ἀνά τε πρυμνήσια λῦσαι·
9.563	οἱ δʼ αἶψʼ εἴσβαινον καὶ ἐπὶ κληῖσι καθῖζον,
9.564	ἑξῆς δʼ ἑζόμενοι πολιὴν ἅλα τύπτον ἐρετμοῖς.
9.565	ἔνθεν δὲ προτέρω πλέομεν ἀκαχήμενοι ἦτορ,
9.566	ἄσμενοι ἐκ θανάτοιο, φίλους ὀλέσαντες ἑταίρους.
