segment_id	book	start_line	end_line	greek_chars_no_space	flags	source_patch_ids	status
ODY-B01-S01	1	1	177	6607	NARRATIVE|SPEECH		SOURCE_READY
ODY-B01-S02	1	178	345	6232	NARRATIVE|SPEECH		SOURCE_READY
ODY-B01-S03	1	346	444	3687	NARRATIVE|SPEECH		SOURCE_READY
ODY-B02-S01	2	1	176	6613	NARRATIVE|SPEECH		SOURCE_READY
ODY-B02-S02	2	177	348	6402	NARRATIVE|SPEECH		SOURCE_READY
ODY-B02-S03	2	349	434	3199	NARRATIVE|SPEECH		SOURCE_READY
ODY-B03-S01	3	1	183	6854	NARRATIVE|SPEECH		SOURCE_READY
ODY-B03-S02	3	184	355	6392	NARRATIVE|SPEECH	PATCH-OD03-304-305-ORDER	SOURCE_READY
ODY-B03-S03	3	356	497	5367	NARRATIVE|SPEECH		SOURCE_READY
ODY-B04-S01	4	1	168	6236	NARRATIVE|SPEECH		SOURCE_READY
ODY-B04-S02	4	169	350	6795	NARRATIVE|SPEECH		SOURCE_READY
ODY-B04-S03	4	351	537	7025	SPEECH		SOURCE_READY
ODY-B04-S04	4	538	706	6304	NARRATIVE|SPEECH		SOURCE_READY
ODY-B04-S05	4	707	847	5204	NARRATIVE|SPEECH		SOURCE_READY
ODY-B05-S01	5	1	170	6250	NARRATIVE|SPEECH		SOURCE_READY
ODY-B05-S02	5	171	338	6242	NARRATIVE|SPEECH		SOURCE_READY
ODY-B05-S03	5	339	493	5797	NARRATIVE|SPEECH		SOURCE_READY
ODY-B06-S01	6	1	185	6878	NARRATIVE|SPEECH		SOURCE_READY
ODY-B06-S02	6	186	331	5478	NARRATIVE|SPEECH		SOURCE_READY
ODY-B07-S01	7	1	178	6567	NARRATIVE|SPEECH		SOURCE_READY
ODY-B07-S02	7	179	347	6345	NARRATIVE|SPEECH		SOURCE_READY
ODY-B08-S01	8	1	185	6952	NARRATIVE|SPEECH		SOURCE_READY
ODY-B08-S02	8	186	353	6258	NARRATIVE|SPEECH		SOURCE_READY
ODY-B08-S03	8	354	586	8652	NARRATIVE|SPEECH		SOURCE_READY
ODY-B09-S01	9	1	171	6409	NARRATIVE|SPEECH		SOURCE_READY
ODY-B09-S02	9	172	346	6524	SPEECH		SOURCE_READY
ODY-B09-S03	9	347	566	8228	SPEECH		SOURCE_READY
ODY-B10-S01	10	1	173	6488	SPEECH		SOURCE_READY
ODY-B10-S02	10	174	344	6374	SPEECH		SOURCE_READY
ODY-B10-S03	10	345	574	8589	SPEECH	PATCH-OD10-456	SOURCE_READY
ODY-B11-S01	11	1	179	6586	SPEECH		SOURCE_READY
ODY-B11-S02	11	180	353	6370	NARRATIVE|SPEECH		SOURCE_READY
ODY-B11-S03	11	354	537	6821	NARRATIVE|SPEECH		SOURCE_READY
ODY-B11-S04	11	538	640	3795	SPEECH		SOURCE_READY
ODY-B12-S01	12	1	183	6736	NARRATIVE|SPEECH		SOURCE_READY
ODY-B12-S02	12	184	370	6907	NARRATIVE|SPEECH		SOURCE_READY
ODY-B12-S03	12	371	453	3088	SPEECH		SOURCE_READY
ODY-B13-S01	13	1	167	6215	NARRATIVE|SPEECH		SOURCE_READY
ODY-B13-S02	13	168	351	6795	NARRATIVE|SPEECH		SOURCE_READY
ODY-B13-S03	13	352	440	3320	NARRATIVE|SPEECH		SOURCE_READY
ODY-B14-S01	14	1	190	7096	NARRATIVE|SPEECH	PATCH-OD14-63-64-ORDER	SOURCE_READY
ODY-B14-S02	14	191	359	6245	NARRATIVE|SPEECH		SOURCE_READY
ODY-B14-S03	14	360	533	6522	NARRATIVE|SPEECH		SOURCE_READY
ODY-B15-S01	15	1	168	6224	NARRATIVE|SPEECH		SOURCE_READY
ODY-B15-S02	15	169	339	6341	NARRATIVE|SPEECH		SOURCE_READY
ODY-B15-S03	15	340	557	8133	NARRATIVE|SPEECH		SOURCE_READY
ODY-B16-S01	16	1	171	6358	NARRATIVE|SPEECH	PATCH-OD16-101	SOURCE_READY
ODY-B16-S02	16	172	341	6327	NARRATIVE|SPEECH		SOURCE_READY
ODY-B16-S03	16	342	481	5207	NARRATIVE|SPEECH		SOURCE_READY
ODY-B17-S01	17	1	173	6417	NARRATIVE|SPEECH		SOURCE_READY
ODY-B17-S02	17	174	344	6433	NARRATIVE|SPEECH		SOURCE_READY
ODY-B17-S03	17	345	511	6259	NARRATIVE|SPEECH		SOURCE_READY
ODY-B17-S04	17	512	606	3552	NARRATIVE|SPEECH		SOURCE_READY
ODY-B18-S01	18	1	168	6275	NARRATIVE|SPEECH		SOURCE_READY
ODY-B18-S02	18	169	336	6255	NARRATIVE|SPEECH		SOURCE_READY
ODY-B18-S03	18	337	428	3479	NARRATIVE|SPEECH		SOURCE_READY
ODY-B19-S01	19	1	202	7545	NARRATIVE|SPEECH		SOURCE_READY
ODY-B19-S02	19	203	381	6569	NARRATIVE|SPEECH		SOURCE_READY
ODY-B19-S03	19	382	604	8392	NARRATIVE|SPEECH		SOURCE_READY
ODY-B20-S01	20	1	167	6268	NARRATIVE|SPEECH		SOURCE_READY
ODY-B20-S02	20	168	394	8478	NARRATIVE|SPEECH		SOURCE_READY
ODY-B21-S01	21	1	174	6428	NARRATIVE|SPEECH		SOURCE_READY
ODY-B21-S02	21	175	342	6246	NARRATIVE|SPEECH		SOURCE_READY
ODY-B21-S03	21	343	434	3445	NARRATIVE|SPEECH		SOURCE_READY
ODY-B22-S01	22	1	169	6363	NARRATIVE|SPEECH		SOURCE_READY
ODY-B22-S02	22	170	343	6533	NARRATIVE|SPEECH		SOURCE_READY
ODY-B22-S03	22	344	501	5947	NARRATIVE|SPEECH		SOURCE_READY
ODY-B23-S01	23	1	172	6433	NARRATIVE|SPEECH	PATCH-OD23-48-49	SOURCE_READY
ODY-B23-S02	23	173	372	7425	NARRATIVE|SPEECH		SOURCE_READY
ODY-B24-S01	24	1	190	7013	NARRATIVE|SPEECH		SOURCE_READY
ODY-B24-S02	24	191	356	6205	NARRATIVE|SPEECH		SOURCE_READY
ODY-B24-S03	24	357	548	7221	NARRATIVE|SPEECH		SOURCE_READY
